{"cameraMode":{"drawMode":0,"name":"Shaded","section":"Shading Mode"},"sceneLighting":true,"audioPlay":false,"sceneViewState":{"m_AlwaysRefresh":false,"showFog":true,"showSkybox":true,"showFlares":true,"showImageEffects":true,"showParticleSystems":true,"showVisualEffectGraphs":true,"m_FxEnabled":true},"in2DMode":false,"pivot":{"x":-380.0910949707031,"y":-6.825462341308594,"z":2.8220057487487795},"rotation":{"x":-0.07822733372449875,"y":-0.010188098065555096,"z":0.0008206730708479881,"w":-0.9969072341918945},"size":53.91338348388672,"orthographic":true}