{"cameraMode":{"drawMode":0,"name":"Shaded","section":"Shading Mode"},"sceneLighting":true,"audioPlay":false,"sceneViewState":{"m_AlwaysRefresh":false,"showFog":true,"showSkybox":true,"showFlares":true,"showImageEffects":true,"showParticleSystems":true,"showVisualEffectGraphs":true,"m_FxEnabled":true},"in2DMode":false,"pivot":{"x":-18.534809112548829,"y":0.4453945755958557,"z":-29.995403289794923},"rotation":{"x":-0.013094297610223294,"y":0.9851934313774109,"z":-0.08772620558738709,"w":-0.14717410504817964},"size":1.66208815574646,"orthographic":false}