{"cameraMode":{"drawMode":0,"name":"Shaded","section":"Shading Mode"},"sceneLighting":true,"audioPlay":false,"sceneViewState":{"m_AlwaysRefresh":false,"showFog":true,"showSkybox":true,"showFlares":true,"showImageEffects":true,"showParticleSystems":true,"showVisualEffectGraphs":true,"m_FxEnabled":true},"in2DMode":false,"pivot":{"x":-20.485441207885743,"y":0.8906707167625427,"z":-28.662214279174806},"rotation":{"x":-0.00776206748560071,"y":0.6976499557495117,"z":-0.007522940170019865,"w":-0.7163927555084229},"size":0.7316936254501343,"orthographic":false}